From;To;Type;Through;start_x;start_y;stop_x;stop_y;adjacency_rule_name;Comment

4573;11098;sea;16566;-1;-1;-1;-1;;Manehattan
1775;7039;sea;15507;-1;-1;-1;-1;;EOM1
6036;7828;sea;17216;-1;-1;-1;-1;;EOM2
7570;12213;sea;17547;-1;-1;-1;-1;;TTU
12412;15094;sea;15539;-1;-1;-1;-1;;HHW
13068;13101;sea;16172;-1;-1;-1;-1;;FAR
5565;15102;sea;17300;-1;-1;-1;-1;;IRW
3304;14635;sea;16481;-1;-1;-1;-1;;GRE
15129;14646;sea;16701;-1;-1;-1;-1;;TUR
6924;14597;sea;16370;-1;-1;-1;-1;;SAD
6880;8510;sea;17069;-1;-1;-1;-1;;STO1
3003;7246;sea;16652;-1;-1;-1;-1;;STO2
724;14898;sea;16351;-1;-1;-1;-1;;SEA1
7489;8007;sea;16625;-1;-1;-1;-1;;SEA2
3272;9742;sea;17241;-1;-1;-1;-1;;SEA3
7489;9742;sea;16625;-1;-1;-1;-1;;SEA4
8007;9742;sea;16625;-1;-1;-1;-1;;SEA5
8996;10372;sea;16984;-1;-1;-1;-1;;BUG1
4115;5772;sea;16225;-1;-1;-1;-1;;BUG2
9788;14147;sea;16934;-1;-1;-1;-1;;KIR
1014;14523;sea;16966;-1;-1;-1;-1;;SHI
6811;14326;sea;17266;-1;-1;-1;-1;;ABY
14837;15137;sea;17693;-1;-1;-1;-1;;ORN1
1344;4727;sea;16149;-1;-1;-1;-1;;ORN2
14914;4727;sea;16149;-1;-1;-1;-1;;ORN3
6016;15120;sea;16802;-1;-1;-1;-1;;CNN
3459;7330;sea;17530;-1;-1;-1;-1;;CHI
2585;9055;sea;16313;-1;-1;-1;-1;;YAP1
8531;15085;sea;16546;-1;-1;-1;-1;;YAP2
8531;11120;sea;16546;-1;-1;-1;-1;;YAP3
11319;11279;sea;17513;-1;-1;-1;-1;;YAP4
3629;6540;sea;17513;-1;-1;-1;-1;;YAP5
11053;15084;sea;17504;-1;-1;-1;-1;;THR1
1681;7150;sea;15877;-1;-1;-1;-1;;THR2
8902;15081;sea;15600;-1;-1;-1;-1;;MNM1
9504;10126;sea;16757;-1;-1;-1;-1;;MNM2
10089;15079;sea;15957;-1;-1;-1;-1;;MNM3
7924;15083;sea;16112;-1;-1;-1;-1;;MAN
15096;15099;sea;16875;-1;-1;-1;-1;;FLP1
2166;15099;sea;16875;-1;-1;-1;-1;;FLP2
2166;15097;sea;16875;-1;-1;-1;-1;;FLP3
15098;15097;sea;16875;-1;-1;-1;-1;;FLP4
15098;15100;sea;17594;-1;-1;-1;-1;;FLP5
13260;15100;sea;17594;-1;-1;-1;-1;;FLP6
13252;13275;sea;16835;-1;-1;-1;-1;;FLP7
13314;13275;sea;15474;-1;-1;-1;-1;;FLP8
3881;7603;sea;16139;-1;-1;-1;-1;;FLP9
3881;8214;sea;15518;-1;-1;-1;-1;;FLP10
15101;8214;sea;15518;-1;-1;-1;-1;;FLP11
15101;13246;sea;15518;-1;-1;-1;-1;;FLP12
30;15103;sea;15397;-1;-1;-1;-1;;FLP13
9109;15103;sea;15397;-1;-1;-1;-1;;FLP14
8639;3580;sea;15397;-1;-1;-1;-1;;FLP15
15105;5787;sea;16449;-1;-1;-1;-1;;FLP16
15105;13515;sea;16449;-1;-1;-1;-1;;FLP17
13512;13515;sea;16449;-1;-1;-1;-1;;FLP18
13571;15108;sea;16367;-1;-1;-1;-1;;FLP19
13512;15106;sea;16691;-1;-1;-1;-1;;FLP20
8612;15106;sea;17604;-1;-1;-1;-1;;FLP21
8612;8345;sea;17604;-1;-1;-1;-1;;FLP22
13582;9795;sea;16691;-1;-1;-1;-1;;FLP23
7868;9795;sea;16691;-1;-1;-1;-1;;FLP24
7868;6561;sea;16152;-1;-1;-1;-1;;FLP25
9651;13599;sea;15308;-1;-1;-1;-1;;FLP26
13650;13599;sea;15308;-1;-1;-1;-1;;FLP27
13547;13587;sea;16604;-1;-1;-1;-1;;FLP28
9752;13875;sea;17055;-1;-1;-1;-1;;FLP29
9752;13859;sea;17055;-1;-1;-1;-1;;FLP30
9752;15117;sea;16104;-1;-1;-1;-1;;FLP31
15116;15117;sea;16104;-1;-1;-1;-1;;FLP32
7868;6680;sea;16152;-1;-1;-1;-1;;FLP33

-1;-1;;-1;-1;-1;-1;-1;-1